task_id,model,policy,reward,map_name,map_family,map_size,seed,success,steps,total_return,oracle_steps,path_efficiency,collisions,invalid_actions,pickup_step,cycle_events,interaction_cycle_events,state_revisit_rate,mean_inference_ms
TFP-LocalTransport-v1,005_action_memory_tabux_cnn,001_ppo_categorical,001_dense_transport,test_aisle_01_10x10.txt,aisle,10x10,101,1,16,10.15,16,1.0,0,0,7,2,0,0.0,0.708194187495792
TFP-LocalTransport-v1,005_action_memory_tabux_cnn,001_ppo_categorical,001_dense_transport,test_aisle_01_10x10.txt,aisle,10x10,211,1,16,10.15,16,1.0,0,0,5,0,0,0.0,0.5617509373792018
TFP-LocalTransport-v1,005_action_memory_tabux_cnn,001_ppo_categorical,001_dense_transport,test_aisle_01_10x10.txt,aisle,10x10,307,1,16,10.15,16,1.0,0,0,13,2,0,0.0,0.8334024374789806
TFP-LocalTransport-v1,005_action_memory_tabux_cnn,001_ppo_categorical,001_dense_transport,test_aisle_01_10x10.txt,aisle,10x10,401,1,16,10.15,16,1.0,0,0,8,1,0,0.0,0.662963375077652
TFP-LocalTransport-v1,005_action_memory_tabux_cnn,001_ppo_categorical,001_dense_transport,test_aisle_01_10x10.txt,aisle,10x10,503,1,16,10.15,16,1.0,0,0,6,0,0,0.0,1.5030834375124869
TFP-LocalTransport-v1,005_action_memory_tabux_cnn,001_ppo_categorical,001_dense_transport,test_aisle_01_10x10.txt,aisle,10x10,601,1,20,10.17,16,0.8,0,0,6,2,0,0.0,0.5515462001767446
TFP-LocalTransport-v1,005_action_memory_tabux_cnn,001_ppo_categorical,001_dense_transport,test_aisle_01_10x10.txt,aisle,10x10,701,1,16,10.15,16,1.0,0,0,4,1,0,0.0,0.5631974375432947
TFP-LocalTransport-v1,005_action_memory_tabux_cnn,001_ppo_categorical,001_dense_transport,test_aisle_01_10x10.txt,aisle,10x10,809,1,16,10.15,16,1.0,0,0,7,0,0,0.0,0.5554033750172493
TFP-LocalTransport-v1,005_action_memory_tabux_cnn,001_ppo_categorical,001_dense_transport,test_aisle_01_10x10.txt,aisle,10x10,907,1,16,10.15,16,1.0,0,0,8,1,0,0.0,0.5515285000115
TFP-LocalTransport-v1,005_action_memory_tabux_cnn,001_ppo_categorical,001_dense_transport,test_aisle_01_10x10.txt,aisle,10x10,1009,1,16,10.149999999999999,16,1.0,0,0,10,2,0,0.0,0.5530668749997858
TFP-LocalTransport-v1,005_action_memory_tabux_cnn,001_ppo_categorical,001_dense_transport,test_aisle_07_15x15.txt,aisle,15x15,101,1,26,10.649999999999999,26,1.0,0,0,10,2,0,0.0,1.709174769180558
TFP-LocalTransport-v1,005_action_memory_tabux_cnn,001_ppo_categorical,001_dense_transport,test_aisle_07_15x15.txt,aisle,15x15,211,1,30,10.669999999999998,26,0.8666666666666667,0,0,8,4,0,0.06666666666666667,0.615115700171979
TFP-LocalTransport-v1,005_action_memory_tabux_cnn,001_ppo_categorical,001_dense_transport,test_aisle_07_15x15.txt,aisle,15x15,307,1,26,10.649999999999999,26,1.0,0,0,21,3,0,0.0,0.616216577117694
TFP-LocalTransport-v1,005_action_memory_tabux_cnn,001_ppo_categorical,001_dense_transport,test_aisle_07_15x15.txt,aisle,15x15,401,1,30,10.669999999999998,26,0.8666666666666667,0,0,12,5,0,0.06666666666666667,1.6594535666930217
TFP-LocalTransport-v1,005_action_memory_tabux_cnn,001_ppo_categorical,001_dense_transport,test_aisle_07_15x15.txt,aisle,15x15,503,1,26,10.649999999999999,26,1.0,0,0,10,1,0,0.0,0.6871390769447316
TFP-LocalTransport-v1,005_action_memory_tabux_cnn,001_ppo_categorical,001_dense_transport,test_aisle_07_15x15.txt,aisle,15x15,601,1,26,10.649999999999999,26,1.0,0,0,10,3,0,0.0,0.6943870383530828
TFP-LocalTransport-v1,005_action_memory_tabux_cnn,001_ppo_categorical,001_dense_transport,test_aisle_07_15x15.txt,aisle,15x15,701,1,30,10.669999999999998,26,0.8666666666666667,0,0,6,4,0,0.06666666666666667,0.6400144334293145
TFP-LocalTransport-v1,005_action_memory_tabux_cnn,001_ppo_categorical,001_dense_transport,test_aisle_07_15x15.txt,aisle,15x15,809,1,30,10.669999999999998,26,0.8666666666666667,0,0,11,5,0,0.06666666666666667,1.4512264332855314
TFP-LocalTransport-v1,005_action_memory_tabux_cnn,001_ppo_categorical,001_dense_transport,test_aisle_07_15x15.txt,aisle,15x15,907,1,30,10.669999999999998,26,0.8666666666666667,0,0,15,2,0,0.06666666666666667,0.818988066688083
TFP-LocalTransport-v1,005_action_memory_tabux_cnn,001_ppo_categorical,001_dense_transport,test_aisle_07_15x15.txt,aisle,15x15,1009,1,38,10.709999999999999,26,0.6842105263157895,0,0,27,2,0,0.13157894736842105,0.6407546316280021
TFP-LocalTransport-v1,005_action_memory_tabux_cnn,001_ppo_categorical,001_dense_transport,test_aisle_13_20x20.txt,aisle,20x20,101,1,40,11.169999999999996,36,0.9,0,0,15,4,0,0.0,1.2823088499771984
TFP-LocalTransport-v1,005_action_memory_tabux_cnn,001_ppo_categorical,001_dense_transport,test_aisle_13_20x20.txt,aisle,20x20,211,1,36,11.149999999999995,36,1.0,0,0,12,5,0,0.0,0.9477157499430986
TFP-LocalTransport-v1,005_action_memory_tabux_cnn,001_ppo_categorical,001_dense_transport,test_aisle_13_20x20.txt,aisle,20x20,307,1,36,11.15,36,1.0,0,0,30,4,0,0.0,1.4024612500331084
TFP-LocalTransport-v1,005_action_memory_tabux_cnn,001_ppo_categorical,001_dense_transport,test_aisle_13_20x20.txt,aisle,20x20,401,1,44,11.189999999999996,36,0.8181818181818182,0,0,19,4,0,0.045454545454545456,0.6471064318289295
TFP-LocalTransport-v1,005_action_memory_tabux_cnn,001_ppo_categorical,001_dense_transport,test_aisle_13_20x20.txt,aisle,20x20,503,1,36,11.149999999999997,36,1.0,0,0,14,4,0,0.0,1.293241500105877
TFP-LocalTransport-v1,005_action_memory_tabux_cnn,001_ppo_categorical,001_dense_transport,test_aisle_13_20x20.txt,aisle,20x20,601,1,36,11.149999999999997,36,1.0,0,0,15,6,0,0.0,0.6631728889866887
TFP-LocalTransport-v1,005_action_memory_tabux_cnn,001_ppo_categorical,001_dense_transport,test_aisle_13_20x20.txt,aisle,20x20,701,1,36,11.149999999999995,36,1.0,0,0,9,5,0,0.0,0.6379700278355611
TFP-LocalTransport-v1,005_action_memory_tabux_cnn,001_ppo_categorical,001_dense_transport,test_aisle_13_20x20.txt,aisle,20x20,809,1,36,11.149999999999997,36,1.0,0,0,16,4,0,0.0,1.2885224167449552
TFP-LocalTransport-v1,005_action_memory_tabux_cnn,001_ppo_categorical,001_dense_transport,test_aisle_13_20x20.txt,aisle,20x20,907,1,38,11.159999999999997,36,0.9473684210526315,0,0,18,5,0,0.0,0.6282126051749066
TFP-LocalTransport-v1,005_action_memory_tabux_cnn,001_ppo_categorical,001_dense_transport,test_aisle_13_20x20.txt,aisle,20x20,1009,1,36,11.149999999999999,36,1.0,0,0,23,4,0,0.0,1.3738789721426454
TFP-LocalTransport-v1,005_action_memory_tabux_cnn,001_ppo_categorical,001_dense_transport,test_blocks_03_10x10.txt,blocks,10x10,101,1,16,10.15,16,1.0,0,0,6,2,0,0.0,0.6434065624603136
TFP-LocalTransport-v1,005_action_memory_tabux_cnn,001_ppo_categorical,001_dense_transport,test_blocks_03_10x10.txt,blocks,10x10,211,1,16,10.15,16,1.0,0,0,5,0,0,0.0,0.7105511873533032
TFP-LocalTransport-v1,005_action_memory_tabux_cnn,001_ppo_categorical,001_dense_transport,test_blocks_03_10x10.txt,blocks,10x10,307,1,16,10.15,16,1.0,0,0,13,3,0,0.0,0.6251539374488857
TFP-LocalTransport-v1,005_action_memory_tabux_cnn,001_ppo_categorical,001_dense_transport,test_blocks_03_10x10.txt,blocks,10x10,401,1,16,10.15,16,1.0,0,0,7,2,0,0.0,0.6100790625396257
TFP-LocalTransport-v1,005_action_memory_tabux_cnn,001_ppo_categorical,001_dense_transport,test_blocks_03_10x10.txt,blocks,10x10,503,1,16,10.15,16,1.0,0,0,6,1,0,0.0,0.6455561249936181
TFP-LocalTransport-v1,005_action_memory_tabux_cnn,001_ppo_categorical,001_dense_transport,test_blocks_03_10x10.txt,blocks,10x10,601,1,16,10.15,16,1.0,0,0,6,1,0,0.0,1.8461994375797985
TFP-LocalTransport-v1,005_action_memory_tabux_cnn,001_ppo_categorical,001_dense_transport,test_blocks_03_10x10.txt,blocks,10x10,701,1,16,10.15,16,1.0,0,0,4,1,0,0.0,0.6550075626137186
TFP-LocalTransport-v1,005_action_memory_tabux_cnn,001_ppo_categorical,001_dense_transport,test_blocks_03_10x10.txt,blocks,10x10,809,1,16,10.15,16,1.0,0,0,7,2,0,0.0,0.6229030000781677
TFP-LocalTransport-v1,005_action_memory_tabux_cnn,001_ppo_categorical,001_dense_transport,test_blocks_03_10x10.txt,blocks,10x10,907,1,16,10.15,16,1.0,0,0,8,2,0,0.0,0.6351739999672645
TFP-LocalTransport-v1,005_action_memory_tabux_cnn,001_ppo_categorical,001_dense_transport,test_blocks_03_10x10.txt,blocks,10x10,1009,1,16,10.149999999999999,16,1.0,0,0,10,4,0,0.0,0.6129684373377131
TFP-LocalTransport-v1,005_action_memory_tabux_cnn,001_ppo_categorical,001_dense_transport,test_blocks_09_15x15.txt,blocks,15x15,101,1,26,10.649999999999999,26,1.0,0,0,12,3,0,0.0,0.7073463846329384
TFP-LocalTransport-v1,005_action_memory_tabux_cnn,001_ppo_categorical,001_dense_transport,test_blocks_09_15x15.txt,blocks,15x15,211,1,26,10.649999999999999,26,1.0,0,0,9,3,0,0.0,1.735217384591054
TFP-LocalTransport-v1,005_action_memory_tabux_cnn,001_ppo_categorical,001_dense_transport,test_blocks_09_15x15.txt,blocks,15x15,307,0,180,1.0800000000000007,46,0.0,0,0,,9,0,0.9277777777777778,0.9073792888810002
TFP-LocalTransport-v1,005_action_memory_tabux_cnn,001_ppo_categorical,001_dense_transport,test_blocks_09_15x15.txt,blocks,15x15,401,1,28,10.659999999999998,26,0.9285714285714286,0,0,16,2,0,0.03571428571428571,0.6724418572697947
TFP-LocalTransport-v1,005_action_memory_tabux_cnn,001_ppo_categorical,001_dense_transport,test_blocks_09_15x15.txt,blocks,15x15,503,1,26,10.649999999999999,26,1.0,0,0,11,3,0,0.0,0.6680225770091616
TFP-LocalTransport-v1,005_action_memory_tabux_cnn,001_ppo_categorical,001_dense_transport,test_blocks_09_15x15.txt,blocks,15x15,601,1,26,10.649999999999999,26,1.0,0,0,12,3,0,0.0,0.613976884603919
TFP-LocalTransport-v1,005_action_memory_tabux_cnn,001_ppo_categorical,001_dense_transport,test_blocks_09_15x15.txt,blocks,15x15,701,1,26,10.649999999999999,26,1.0,0,0,6,4,0,0.0,1.6918374999477237
TFP-LocalTransport-v1,005_action_memory_tabux_cnn,001_ppo_categorical,001_dense_transport,test_blocks_09_15x15.txt,blocks,15x15,809,1,26,10.649999999999999,26,1.0,0,0,13,2,0,0.0,0.7485368462487083
TFP-LocalTransport-v1,005_action_memory_tabux_cnn,001_ppo_categorical,001_dense_transport,test_blocks_09_15x15.txt,blocks,15x15,907,1,26,10.649999999999999,26,1.0,0,0,14,4,0,0.0,0.7144467691222627
TFP-LocalTransport-v1,005_action_memory_tabux_cnn,001_ppo_categorical,001_dense_transport,test_blocks_09_15x15.txt,blocks,15x15,1009,1,26,10.649999999999999,26,1.0,0,0,18,3,0,0.0,0.6841021538723278
TFP-LocalTransport-v1,005_action_memory_tabux_cnn,001_ppo_categorical,001_dense_transport,test_blocks_15_20x20.txt,blocks,20x20,101,1,54,11.329999999999995,38,0.7037037037037037,0,0,15,8,0,0.12962962962962962,0.6551409815242719
TFP-LocalTransport-v1,005_action_memory_tabux_cnn,001_ppo_categorical,001_dense_transport,test_blocks_15_20x20.txt,blocks,20x20,211,1,36,11.149999999999995,36,1.0,0,0,11,4,0,0.0,0.6866451388860797
TFP-LocalTransport-v1,005_action_memory_tabux_cnn,001_ppo_categorical,001_dense_transport,test_blocks_15_20x20.txt,blocks,20x20,307,0,240,1.830000000000001,40,0.0,0,0,,30,0,0.8375,0.8617311291952016
TFP-LocalTransport-v1,005_action_memory_tabux_cnn,001_ppo_categorical,001_dense_transport,test_blocks_15_20x20.txt,blocks,20x20,401,1,98,11.549999999999992,38,0.3877551020408163,0,0,26,7,0,0.4897959183673469,1.045827244858944
TFP-LocalTransport-v1,005_action_memory_tabux_cnn,001_ppo_categorical,001_dense_transport,test_blocks_15_20x20.txt,blocks,20x20,503,1,64,11.469999999999994,40,0.625,0,0,16,10,0,0.203125,1.0078277187517415
TFP-LocalTransport-v1,005_action_memory_tabux_cnn,001_ppo_categorical,001_dense_transport,test_blocks_15_20x20.txt,blocks,20x20,601,1,38,11.159999999999997,36,0.9473684210526315,0,0,14,4,0,0.02631578947368421,0.6557408421605558
TFP-LocalTransport-v1,005_action_memory_tabux_cnn,001_ppo_categorical,001_dense_transport,test_blocks_15_20x20.txt,blocks,20x20,701,1,48,11.209999999999996,36,0.75,0,0,9,9,0,0.08333333333333333,1.1099494999863662
TFP-LocalTransport-v1,005_action_memory_tabux_cnn,001_ppo_categorical,001_dense_transport,test_blocks_15_20x20.txt,blocks,20x20,809,1,36,11.149999999999997,36,1.0,0,0,16,4,0,0.0,0.6807341388695123
TFP-LocalTransport-v1,005_action_memory_tabux_cnn,001_ppo_categorical,001_dense_transport,test_blocks_15_20x20.txt,blocks,20x20,907,1,64,11.559999999999995,42,0.65625,0,0,25,3,0,0.1875,1.0482299374956483
TFP-LocalTransport-v1,005_action_memory_tabux_cnn,001_ppo_categorical,001_dense_transport,test_blocks_15_20x20.txt,blocks,20x20,1009,1,68,11.489999999999997,40,0.5882352941176471,0,0,37,10,0,0.19117647058823528,0.6595505146699853
TFP-LocalTransport-v1,005_action_memory_tabux_cnn,001_ppo_categorical,001_dense_transport,test_mixed_04_10x10.txt,mixed,10x10,101,1,16,10.15,16,1.0,0,0,6,2,0,0.0,2.0703488751792065
TFP-LocalTransport-v1,005_action_memory_tabux_cnn,001_ppo_categorical,001_dense_transport,test_mixed_04_10x10.txt,mixed,10x10,211,1,16,10.15,16,1.0,0,0,5,3,0,0.0,0.6402525625617272
TFP-LocalTransport-v1,005_action_memory_tabux_cnn,001_ppo_categorical,001_dense_transport,test_mixed_04_10x10.txt,mixed,10x10,307,1,16,10.15,16,1.0,0,0,13,2,0,0.0,0.6430322499113572
TFP-LocalTransport-v1,005_action_memory_tabux_cnn,001_ppo_categorical,001_dense_transport,test_mixed_04_10x10.txt,mixed,10x10,401,1,16,10.15,16,1.0,0,0,7,2,0,0.0,0.6142783125255846
TFP-LocalTransport-v1,005_action_memory_tabux_cnn,001_ppo_categorical,001_dense_transport,test_mixed_04_10x10.txt,mixed,10x10,503,1,16,10.15,16,1.0,0,0,6,1,0,0.0,0.6355792499448398
TFP-LocalTransport-v1,005_action_memory_tabux_cnn,001_ppo_categorical,001_dense_transport,test_mixed_04_10x10.txt,mixed,10x10,601,1,16,10.15,16,1.0,0,0,6,3,0,0.0,0.6554337500688234
TFP-LocalTransport-v1,005_action_memory_tabux_cnn,001_ppo_categorical,001_dense_transport,test_mixed_04_10x10.txt,mixed,10x10,701,1,16,10.15,16,1.0,0,0,4,1,0,0.0,2.3201009374247406
TFP-LocalTransport-v1,005_action_memory_tabux_cnn,001_ppo_categorical,001_dense_transport,test_mixed_04_10x10.txt,mixed,10x10,809,1,16,10.15,16,1.0,0,0,7,2,0,0.0,0.6453439999631883
TFP-LocalTransport-v1,005_action_memory_tabux_cnn,001_ppo_categorical,001_dense_transport,test_mixed_04_10x10.txt,mixed,10x10,907,1,16,10.15,16,1.0,0,0,8,1,0,0.0,0.6574636875029682
TFP-LocalTransport-v1,005_action_memory_tabux_cnn,001_ppo_categorical,001_dense_transport,test_mixed_04_10x10.txt,mixed,10x10,1009,1,16,10.149999999999999,16,1.0,0,0,10,2,0,0.0,0.6232937498680258
TFP-LocalTransport-v1,005_action_memory_tabux_cnn,001_ppo_categorical,001_dense_transport,test_mixed_10_15x15.txt,mixed,15x15,101,1,28,10.659999999999997,26,0.9285714285714286,0,0,10,4,0,0.03571428571428571,0.6568329643934183
TFP-LocalTransport-v1,005_action_memory_tabux_cnn,001_ppo_categorical,001_dense_transport,test_mixed_10_15x15.txt,mixed,15x15,211,1,28,10.659999999999998,26,0.9285714285714286,0,0,10,3,0,0.03571428571428571,1.3160222858264856
TFP-LocalTransport-v1,005_action_memory_tabux_cnn,001_ppo_categorical,001_dense_transport,test_mixed_10_15x15.txt,mixed,15x15,307,0,180,0.4499999999999996,56,0.0,0,0,,21,0,0.85,0.7839236499623641
TFP-LocalTransport-v1,005_action_memory_tabux_cnn,001_ppo_categorical,001_dense_transport,test_mixed_10_15x15.txt,mixed,15x15,401,1,28,10.659999999999997,26,0.9285714285714286,0,0,11,3,0,0.03571428571428571,1.4706687857467062
TFP-LocalTransport-v1,005_action_memory_tabux_cnn,001_ppo_categorical,001_dense_transport,test_mixed_10_15x15.txt,mixed,15x15,503,1,28,10.659999999999997,26,0.9285714285714286,0,0,9,3,0,0.03571428571428571,0.6466216428049977
TFP-LocalTransport-v1,005_action_memory_tabux_cnn,001_ppo_categorical,001_dense_transport,test_mixed_10_15x15.txt,mixed,15x15,601,1,38,10.799999999999997,28,0.7368421052631579,0,0,10,4,0,0.15789473684210525,0.6367875526656893
TFP-LocalTransport-v1,005_action_memory_tabux_cnn,001_ppo_categorical,001_dense_transport,test_mixed_10_15x15.txt,mixed,15x15,701,1,28,10.659999999999998,26,0.9285714285714286,0,0,6,3,0,0.03571428571428571,0.6617403572753184
TFP-LocalTransport-v1,005_action_memory_tabux_cnn,001_ppo_categorical,001_dense_transport,test_mixed_10_15x15.txt,mixed,15x15,809,1,38,11.069999999999997,34,0.8947368421052632,0,0,13,3,0,0.07894736842105263,0.6442050264108969
TFP-LocalTransport-v1,005_action_memory_tabux_cnn,001_ppo_categorical,001_dense_transport,test_mixed_10_15x15.txt,mixed,15x15,907,1,38,10.889999999999997,30,0.7894736842105263,0,0,12,4,0,0.13157894736842105,0.6513526842881172
TFP-LocalTransport-v1,005_action_memory_tabux_cnn,001_ppo_categorical,001_dense_transport,test_mixed_10_15x15.txt,mixed,15x15,1009,0,180,1.2600000000000007,44,0.0,0,0,,26,0,0.8888888888888888,0.9727790833696619
TFP-LocalTransport-v1,005_action_memory_tabux_cnn,001_ppo_categorical,001_dense_transport,test_mixed_16_20x20.txt,mixed,20x20,101,1,36,11.149999999999999,36,1.0,0,0,21,4,0,0.0,1.408052166678115
TFP-LocalTransport-v1,005_action_memory_tabux_cnn,001_ppo_categorical,001_dense_transport,test_mixed_16_20x20.txt,mixed,20x20,211,1,44,11.369999999999997,40,0.9090909090909091,0,0,20,4,0,0.09090909090909091,0.6614474318666907
TFP-LocalTransport-v1,005_action_memory_tabux_cnn,001_ppo_categorical,001_dense_transport,test_mixed_16_20x20.txt,mixed,20x20,307,0,240,2.0100000000000007,64,0.0,0,0,,5,0,0.9,0.9596399166336292
TFP-LocalTransport-v1,005_action_memory_tabux_cnn,001_ppo_categorical,001_dense_transport,test_mixed_16_20x20.txt,mixed,20x20,401,1,38,11.159999999999998,36,0.9473684210526315,0,0,26,3,0,0.02631578947368421,0.8593314211171482
TFP-LocalTransport-v1,005_action_memory_tabux_cnn,001_ppo_categorical,001_dense_transport,test_mixed_16_20x20.txt,mixed,20x20,503,1,36,11.149999999999999,36,1.0,0,0,19,3,0,0.0,1.4104448888853465
TFP-LocalTransport-v1,005_action_memory_tabux_cnn,001_ppo_categorical,001_dense_transport,test_mixed_16_20x20.txt,mixed,20x20,601,1,36,11.149999999999999,36,1.0,0,0,20,4,0,0.0,0.7644786111440125
TFP-LocalTransport-v1,005_action_memory_tabux_cnn,001_ppo_categorical,001_dense_transport,test_mixed_16_20x20.txt,mixed,20x20,701,1,38,11.249999999999996,38,1.0,0,0,12,3,0,0.0,1.4156730525859242
TFP-LocalTransport-v1,005_action_memory_tabux_cnn,001_ppo_categorical,001_dense_transport,test_mixed_16_20x20.txt,mixed,20x20,809,1,38,11.159999999999998,36,0.9473684210526315,0,0,24,3,0,0.0,0.6497846316290777
TFP-LocalTransport-v1,005_action_memory_tabux_cnn,001_ppo_categorical,001_dense_transport,test_mixed_16_20x20.txt,mixed,20x20,907,1,42,11.359999999999998,40,0.9523809523809523,0,0,26,3,0,0.0,0.6614215476258236
TFP-LocalTransport-v1,005_action_memory_tabux_cnn,001_ppo_categorical,001_dense_transport,test_mixed_16_20x20.txt,mixed,20x20,1009,1,54,11.689999999999998,46,0.8518518518518519,0,0,38,9,0,0.1111111111111111,1.0716922593187688
TFP-LocalTransport-v1,005_action_memory_tabux_cnn,001_ppo_categorical,001_dense_transport,test_partition_02_10x10.txt,partition,10x10,101,1,20,10.35,20,1.0,0,0,8,3,0,0.0,0.654248600039864
TFP-LocalTransport-v1,005_action_memory_tabux_cnn,001_ppo_categorical,001_dense_transport,test_partition_02_10x10.txt,partition,10x10,211,1,16,10.15,16,1.0,0,0,5,1,0,0.0,0.6251820623788262
TFP-LocalTransport-v1,005_action_memory_tabux_cnn,001_ppo_categorical,001_dense_transport,test_partition_02_10x10.txt,partition,10x10,307,0,120,0.8700000000000006,24,0.0,0,0,,23,0,0.8,0.8705184916834696
TFP-LocalTransport-v1,005_action_memory_tabux_cnn,001_ppo_categorical,001_dense_transport,test_partition_02_10x10.txt,partition,10x10,401,1,24,10.28,18,0.75,0,0,13,2,0,0.08333333333333333,0.6718179165545735
TFP-LocalTransport-v1,005_action_memory_tabux_cnn,001_ppo_categorical,001_dense_transport,test_partition_02_10x10.txt,partition,10x10,503,1,16,10.15,16,1.0,0,0,7,3,0,0.0,0.6559720625318732
TFP-LocalTransport-v1,005_action_memory_tabux_cnn,001_ppo_categorical,001_dense_transport,test_partition_02_10x10.txt,partition,10x10,601,1,22,10.18,16,0.7272727272727273,0,0,13,0,0,0.18181818181818182,0.7130074090210573
TFP-LocalTransport-v1,005_action_memory_tabux_cnn,001_ppo_categorical,001_dense_transport,test_partition_02_10x10.txt,partition,10x10,701,1,16,10.15,16,1.0,0,0,4,1,0,0.0,0.6246838750598727
TFP-LocalTransport-v1,005_action_memory_tabux_cnn,001_ppo_categorical,001_dense_transport,test_partition_02_10x10.txt,partition,10x10,809,1,20,10.17,16,0.8,0,0,12,2,0,0.05,1.832516750027935
TFP-LocalTransport-v1,005_action_memory_tabux_cnn,001_ppo_categorical,001_dense_transport,test_partition_02_10x10.txt,partition,10x10,907,1,22,10.18,16,0.7272727272727273,0,0,15,3,0,0.18181818181818182,0.6901761818302145
TFP-LocalTransport-v1,005_action_memory_tabux_cnn,001_ppo_categorical,001_dense_transport,test_partition_02_10x10.txt,partition,10x10,1009,1,22,10.18,16,0.7272727272727273,0,0,18,1,0,0.18181818181818182,0.7756865907553716
TFP-LocalTransport-v1,005_action_memory_tabux_cnn,001_ppo_categorical,001_dense_transport,test_partition_08_15x15.txt,partition,15x15,101,1,34,10.869999999999997,30,0.8823529411764706,0,0,13,3,0,0.08823529411764706,0.7374699411336811
TFP-LocalTransport-v1,005_action_memory_tabux_cnn,001_ppo_categorical,001_dense_transport,test_partition_08_15x15.txt,partition,15x15,211,1,26,10.649999999999999,26,1.0,0,0,8,3,0,0.0,1.6665518075849552
TFP-LocalTransport-v1,005_action_memory_tabux_cnn,001_ppo_categorical,001_dense_transport,test_partition_08_15x15.txt,partition,15x15,307,0,180,1.5300000000000007,44,0.0,0,0,,9,0,0.8277777777777777,0.9295771999859426
TFP-LocalTransport-v1,005_action_memory_tabux_cnn,001_ppo_categorical,001_dense_transport,test_partition_08_15x15.txt,partition,15x15,401,1,44,10.919999999999998,30,0.6818181818181818,0,0,30,5,0,0.22727272727272727,0.6396413409054896
TFP-LocalTransport-v1,005_action_memory_tabux_cnn,001_ppo_categorical,001_dense_transport,test_partition_08_15x15.txt,partition,15x15,503,1,48,10.849999999999998,28,0.5833333333333334,0,0,12,9,0,0.3333333333333333,0.6998778750926249
TFP-LocalTransport-v1,005_action_memory_tabux_cnn,001_ppo_categorical,001_dense_transport,test_partition_08_15x15.txt,partition,15x15,601,1,30,10.669999999999998,26,0.8666666666666667,0,0,14,5,0,0.1,1.4230875668242031
TFP-LocalTransport-v1,005_action_memory_tabux_cnn,001_ppo_categorical,001_dense_transport,test_partition_08_15x15.txt,partition,15x15,701,1,26,10.649999999999999,26,1.0,0,0,6,4,0,0.0,0.6564260384738401
TFP-LocalTransport-v1,005_action_memory_tabux_cnn,001_ppo_categorical,001_dense_transport,test_partition_08_15x15.txt,partition,15x15,809,1,40,10.809999999999997,28,0.7,0,0,14,7,0,0.125,0.6973711000227922
TFP-LocalTransport-v1,005_action_memory_tabux_cnn,001_ppo_categorical,001_dense_transport,test_partition_08_15x15.txt,partition,15x15,907,1,30,10.669999999999998,26,0.8666666666666667,0,0,20,5,0,0.1,1.4020639667554253
TFP-LocalTransport-v1,005_action_memory_tabux_cnn,001_ppo_categorical,001_dense_transport,test_partition_08_15x15.txt,partition,15x15,1009,1,30,10.67,26,0.8666666666666667,0,0,24,5,0,0.1,0.8063472999613926
TFP-LocalTransport-v1,005_action_memory_tabux_cnn,001_ppo_categorical,001_dense_transport,test_partition_14_20x20.txt,partition,20x20,101,1,170,12.539999999999981,52,0.3058823529411765,0,0,14,17,0,0.6647058823529411,0.9494381647313918
TFP-LocalTransport-v1,005_action_memory_tabux_cnn,001_ppo_categorical,001_dense_transport,test_partition_14_20x20.txt,partition,20x20,211,1,38,11.159999999999997,36,0.9473684210526315,0,0,10,4,0,0.02631578947368421,0.6419351052260792
TFP-LocalTransport-v1,005_action_memory_tabux_cnn,001_ppo_categorical,001_dense_transport,test_partition_14_20x20.txt,partition,20x20,307,1,38,11.25,38,1.0,0,0,31,4,0,0.0,1.315313315731864
TFP-LocalTransport-v1,005_action_memory_tabux_cnn,001_ppo_categorical,001_dense_transport,test_partition_14_20x20.txt,partition,20x20,401,1,40,11.259999999999996,38,0.95,0,0,18,4,0,0.05,0.6425480250072724
TFP-LocalTransport-v1,005_action_memory_tabux_cnn,001_ppo_categorical,001_dense_transport,test_partition_14_20x20.txt,partition,20x20,503,1,48,11.389999999999995,40,0.8333333333333334,0,0,12,5,0,0.10416666666666667,1.1235432708266064
TFP-LocalTransport-v1,005_action_memory_tabux_cnn,001_ppo_categorical,001_dense_transport,test_partition_14_20x20.txt,partition,20x20,601,1,38,11.159999999999997,36,0.9473684210526315,0,0,13,4,0,0.02631578947368421,0.6582451315376889
TFP-LocalTransport-v1,005_action_memory_tabux_cnn,001_ppo_categorical,001_dense_transport,test_partition_14_20x20.txt,partition,20x20,701,1,186,12.169999999999984,42,0.22580645161290322,0,0,9,27,0,0.7096774193548387,0.946231241908218
TFP-LocalTransport-v1,005_action_memory_tabux_cnn,001_ppo_categorical,001_dense_transport,test_partition_14_20x20.txt,partition,20x20,809,1,36,11.149999999999997,36,1.0,0,0,15,4,0,0.0,0.7165820832900257
TFP-LocalTransport-v1,005_action_memory_tabux_cnn,001_ppo_categorical,001_dense_transport,test_partition_14_20x20.txt,partition,20x20,907,0,240,1.4700000000000009,40,0.0,0,0,,36,0,0.9083333333333333,0.9895781916573773
TFP-LocalTransport-v1,005_action_memory_tabux_cnn,001_ppo_categorical,001_dense_transport,test_partition_14_20x20.txt,partition,20x20,1009,0,240,1.560000000000001,48,0.0,0,0,,52,0,0.925,0.91630450001882
TFP-LocalTransport-v1,005_action_memory_tabux_cnn,001_ppo_categorical,001_dense_transport,test_rooms_05_10x10.txt,rooms,10x10,101,1,54,10.519999999999996,20,0.37037037037037035,0,0,9,14,0,0.5370370370370371,1.0829620740608974
TFP-LocalTransport-v1,005_action_memory_tabux_cnn,001_ppo_categorical,001_dense_transport,test_rooms_05_10x10.txt,rooms,10x10,211,1,86,10.499999999999996,16,0.18604651162790697,0,0,6,20,0,0.7325581395348837,0.9017976046041355
TFP-LocalTransport-v1,005_action_memory_tabux_cnn,001_ppo_categorical,001_dense_transport,test_rooms_05_10x10.txt,rooms,10x10,307,0,120,0.6900000000000002,30,0.0,0,0,,4,0,0.9166666666666666,0.8811817166285133
TFP-LocalTransport-v1,005_action_memory_tabux_cnn,001_ppo_categorical,001_dense_transport,test_rooms_05_10x10.txt,rooms,10x10,401,1,54,10.609999999999996,22,0.4074074074074074,0,0,12,4,0,0.5370370370370371,0.6441676295489068
TFP-LocalTransport-v1,005_action_memory_tabux_cnn,001_ppo_categorical,001_dense_transport,test_rooms_05_10x10.txt,rooms,10x10,503,1,86,10.589999999999996,18,0.20930232558139536,0,0,8,21,0,0.7209302325581395,0.6777251628062554
TFP-LocalTransport-v1,005_action_memory_tabux_cnn,001_ppo_categorical,001_dense_transport,test_rooms_05_10x10.txt,rooms,10x10,601,1,90,10.609999999999996,18,0.2,0,0,10,19,0,0.7333333333333333,0.9657117889016971
TFP-LocalTransport-v1,005_action_memory_tabux_cnn,001_ppo_categorical,001_dense_transport,test_rooms_05_10x10.txt,rooms,10x10,701,1,34,10.239999999999998,16,0.47058823529411764,0,0,4,5,0,0.3235294117647059,0.7214501764632159
TFP-LocalTransport-v1,005_action_memory_tabux_cnn,001_ppo_categorical,001_dense_transport,test_rooms_05_10x10.txt,rooms,10x10,809,1,112,10.809999999999992,20,0.17857142857142858,0,0,11,17,0,0.7767857142857143,0.6576819911206907
TFP-LocalTransport-v1,005_action_memory_tabux_cnn,001_ppo_categorical,001_dense_transport,test_rooms_05_10x10.txt,rooms,10x10,907,1,18,10.25,18,1.0,0,0,11,3,0,0.0,0.6468466111376378
TFP-LocalTransport-v1,005_action_memory_tabux_cnn,001_ppo_categorical,001_dense_transport,test_rooms_05_10x10.txt,rooms,10x10,1009,1,44,10.469999999999999,20,0.45454545454545453,0,0,39,2,0,0.4772727272727273,0.6575268182793728
TFP-LocalTransport-v1,005_action_memory_tabux_cnn,001_ppo_categorical,001_dense_transport,test_rooms_11_15x15.txt,rooms,15x15,101,1,26,10.649999999999999,26,1.0,0,0,11,3,0,0.0,1.5548550000298396
TFP-LocalTransport-v1,005_action_memory_tabux_cnn,001_ppo_categorical,001_dense_transport,test_rooms_11_15x15.txt,rooms,15x15,211,1,32,10.679999999999998,26,0.8125,0,0,8,2,0,0.09375,0.69904218753436
TFP-LocalTransport-v1,005_action_memory_tabux_cnn,001_ppo_categorical,001_dense_transport,test_rooms_11_15x15.txt,rooms,15x15,307,0,180,0.7200000000000001,40,0.0,0,0,,4,0,0.8555555555555555,0.9025393333205203
TFP-LocalTransport-v1,005_action_memory_tabux_cnn,001_ppo_categorical,001_dense_transport,test_rooms_11_15x15.txt,rooms,15x15,401,1,32,10.679999999999998,26,0.8125,0,0,20,1,0,0.0625,0.6305815625466948
TFP-LocalTransport-v1,005_action_memory_tabux_cnn,001_ppo_categorical,001_dense_transport,test_rooms_11_15x15.txt,rooms,15x15,503,1,32,10.679999999999998,26,0.8125,0,0,10,2,0,0.09375,1.4698845625673584
TFP-LocalTransport-v1,005_action_memory_tabux_cnn,001_ppo_categorical,001_dense_transport,test_rooms_11_15x15.txt,rooms,15x15,601,0,180,2.759999999999983,40,0.0,0,0,11,12,0,0.9,0.7925541333204618
TFP-LocalTransport-v1,005_action_memory_tabux_cnn,001_ppo_categorical,001_dense_transport,test_rooms_11_15x15.txt,rooms,15x15,701,1,32,10.679999999999998,26,0.8125,0,0,6,5,0,0.09375,1.2616170312753638
TFP-LocalTransport-v1,005_action_memory_tabux_cnn,001_ppo_categorical,001_dense_transport,test_rooms_11_15x15.txt,rooms,15x15,809,1,26,10.649999999999999,26,1.0,0,0,12,1,0,0.0,0.6494552691527553
TFP-LocalTransport-v1,005_action_memory_tabux_cnn,001_ppo_categorical,001_dense_transport,test_rooms_11_15x15.txt,rooms,15x15,907,1,32,10.769999999999998,28,0.875,0,0,18,3,0,0.125,0.6827430312341676
TFP-LocalTransport-v1,005_action_memory_tabux_cnn,001_ppo_categorical,001_dense_transport,test_rooms_11_15x15.txt,rooms,15x15,1009,0,180,0.9000000000000002,26,0.0,0,0,,0,0,0.9333333333333333,0.8344689110799663
TFP-LocalTransport-v1,005_action_memory_tabux_cnn,001_ppo_categorical,001_dense_transport,test_rooms_17_20x20.txt,rooms,20x20,101,1,36,11.149999999999997,36,1.0,0,0,17,7,0,0.0,1.5028923610821545
TFP-LocalTransport-v1,005_action_memory_tabux_cnn,001_ppo_categorical,001_dense_transport,test_rooms_17_20x20.txt,rooms,20x20,211,1,38,11.249999999999996,38,1.0,0,0,11,7,0,0.0,0.8338813684914432
TFP-LocalTransport-v1,005_action_memory_tabux_cnn,001_ppo_categorical,001_dense_transport,test_rooms_17_20x20.txt,rooms,20x20,307,1,64,11.559999999999999,42,0.65625,0,0,53,6,0,0.265625,1.1549084688340372
TFP-LocalTransport-v1,005_action_memory_tabux_cnn,001_ppo_categorical,001_dense_transport,test_rooms_17_20x20.txt,rooms,20x20,401,0,240,3.509999999999981,54,0.0,0,0,59,34,0,0.8291666666666667,1.0679364374974891
TFP-LocalTransport-v1,005_action_memory_tabux_cnn,001_ppo_categorical,001_dense_transport,test_rooms_17_20x20.txt,rooms,20x20,503,0,240,3.0599999999999774,46,0.0,0,0,23,38,0,0.875,0.8419070333388845
TFP-LocalTransport-v1,005_action_memory_tabux_cnn,001_ppo_categorical,001_dense_transport,test_rooms_17_20x20.txt,rooms,20x20,601,0,240,3.2399999999999807,48,0.0,0,0,56,38,0,0.8416666666666667,0.8671510458232964
TFP-LocalTransport-v1,005_action_memory_tabux_cnn,001_ppo_categorical,001_dense_transport,test_rooms_17_20x20.txt,rooms,20x20,701,1,36,11.149999999999995,36,1.0,0,0,9,6,0,0.0,0.7765357222524472
TFP-LocalTransport-v1,005_action_memory_tabux_cnn,001_ppo_categorical,001_dense_transport,test_rooms_17_20x20.txt,rooms,20x20,809,1,36,11.149999999999997,36,1.0,0,0,18,8,0,0.0,1.5783888610864476
TFP-LocalTransport-v1,005_action_memory_tabux_cnn,001_ppo_categorical,001_dense_transport,test_rooms_17_20x20.txt,rooms,20x20,907,1,36,11.149999999999999,36,1.0,0,0,21,8,0,0.0,0.6421816667625535
TFP-LocalTransport-v1,005_action_memory_tabux_cnn,001_ppo_categorical,001_dense_transport,test_rooms_17_20x20.txt,rooms,20x20,1009,1,36,11.149999999999999,36,1.0,0,0,26,6,0,0.0,0.6266287778594738
TFP-LocalTransport-v1,005_action_memory_tabux_cnn,001_ppo_categorical,001_dense_transport,test_zigzag_06_10x10.txt,zigzag,10x10,101,1,16,10.15,16,1.0,0,0,6,2,0,0.0,2.115011437638259
TFP-LocalTransport-v1,005_action_memory_tabux_cnn,001_ppo_categorical,001_dense_transport,test_zigzag_06_10x10.txt,zigzag,10x10,211,1,16,10.15,16,1.0,0,0,5,0,0,0.0,1.094055750058942
TFP-LocalTransport-v1,005_action_memory_tabux_cnn,001_ppo_categorical,001_dense_transport,test_zigzag_06_10x10.txt,zigzag,10x10,307,1,26,10.469999999999999,22,0.8461538461538461,0,0,19,3,0,0.11538461538461539,0.6309558463656756
TFP-LocalTransport-v1,005_action_memory_tabux_cnn,001_ppo_categorical,001_dense_transport,test_zigzag_06_10x10.txt,zigzag,10x10,401,1,16,10.15,16,1.0,0,0,7,2,0,0.0,0.6226643124023212
TFP-LocalTransport-v1,005_action_memory_tabux_cnn,001_ppo_categorical,001_dense_transport,test_zigzag_06_10x10.txt,zigzag,10x10,503,1,16,10.15,16,1.0,0,0,6,2,0,0.0,0.6254153125837547
TFP-LocalTransport-v1,005_action_memory_tabux_cnn,001_ppo_categorical,001_dense_transport,test_zigzag_06_10x10.txt,zigzag,10x10,601,1,18,10.16,16,0.8888888888888888,0,0,8,0,0,0.0,1.9108152222947359
TFP-LocalTransport-v1,005_action_memory_tabux_cnn,001_ppo_categorical,001_dense_transport,test_zigzag_06_10x10.txt,zigzag,10x10,701,1,16,10.15,16,1.0,0,0,4,0,0,0.0,0.6377583750349913
TFP-LocalTransport-v1,005_action_memory_tabux_cnn,001_ppo_categorical,001_dense_transport,test_zigzag_06_10x10.txt,zigzag,10x10,809,1,16,10.15,16,1.0,0,0,7,3,0,0.0,0.6448554375992899
TFP-LocalTransport-v1,005_action_memory_tabux_cnn,001_ppo_categorical,001_dense_transport,test_zigzag_06_10x10.txt,zigzag,10x10,907,1,16,10.15,16,1.0,0,0,7,2,0,0.0,0.7278216874055943
TFP-LocalTransport-v1,005_action_memory_tabux_cnn,001_ppo_categorical,001_dense_transport,test_zigzag_06_10x10.txt,zigzag,10x10,1009,1,16,10.149999999999999,16,1.0,0,0,11,1,0,0.0,0.6516110625511828
TFP-LocalTransport-v1,005_action_memory_tabux_cnn,001_ppo_categorical,001_dense_transport,test_zigzag_12_15x15.txt,zigzag,15x15,101,0,180,2.7599999999999936,32,0.0,0,0,115,17,0,0.7666666666666667,0.9631240944347357
TFP-LocalTransport-v1,005_action_memory_tabux_cnn,001_ppo_categorical,001_dense_transport,test_zigzag_12_15x15.txt,zigzag,15x15,211,1,38,10.709999999999997,26,0.6842105263157895,0,0,20,4,0,0.10526315789473684,1.4272229738085833
TFP-LocalTransport-v1,005_action_memory_tabux_cnn,001_ppo_categorical,001_dense_transport,test_zigzag_12_15x15.txt,zigzag,15x15,307,0,180,1.0800000000000007,44,0.0,0,0,,18,0,0.8944444444444445,0.8011504888751612
TFP-LocalTransport-v1,005_action_memory_tabux_cnn,001_ppo_categorical,001_dense_transport,test_zigzag_12_15x15.txt,zigzag,15x15,401,0,180,0.8100000000000003,36,0.0,0,0,,13,0,0.8666666666666667,0.9844165444165911
TFP-LocalTransport-v1,005_action_memory_tabux_cnn,001_ppo_categorical,001_dense_transport,test_zigzag_12_15x15.txt,zigzag,15x15,503,1,38,10.709999999999997,26,0.6842105263157895,0,0,22,5,0,0.10526315789473684,1.383014973725949
TFP-LocalTransport-v1,005_action_memory_tabux_cnn,001_ppo_categorical,001_dense_transport,test_zigzag_12_15x15.txt,zigzag,15x15,601,0,180,2.8499999999999828,34,0.0,0,0,11,29,0,0.8944444444444445,0.954361916653094
TFP-LocalTransport-v1,005_action_memory_tabux_cnn,001_ppo_categorical,001_dense_transport,test_zigzag_12_15x15.txt,zigzag,15x15,701,0,180,2.6699999999999857,30,0.0,0,0,7,29,0,0.8944444444444445,0.7945842055202471
TFP-LocalTransport-v1,005_action_memory_tabux_cnn,001_ppo_categorical,001_dense_transport,test_zigzag_12_15x15.txt,zigzag,15x15,809,0,180,0.8100000000000002,34,0.0,0,0,,14,0,0.8111111111111111,0.9847423111093829
TFP-LocalTransport-v1,005_action_memory_tabux_cnn,001_ppo_categorical,001_dense_transport,test_zigzag_12_15x15.txt,zigzag,15x15,907,1,28,10.749999999999998,28,1.0,0,0,13,3,0,0.0,1.4596617856698555
TFP-LocalTransport-v1,005_action_memory_tabux_cnn,001_ppo_categorical,001_dense_transport,test_zigzag_12_15x15.txt,zigzag,15x15,1009,1,26,10.649999999999999,26,1.0,0,0,20,2,0,0.0,0.7836184615301206
TFP-LocalTransport-v1,005_action_memory_tabux_cnn,001_ppo_categorical,001_dense_transport,test_zigzag_18_20x20.txt,zigzag,20x20,101,0,240,3.149999999999977,38,0.0,0,0,16,44,0,0.875,1.0381091791524948
TFP-LocalTransport-v1,005_action_memory_tabux_cnn,001_ppo_categorical,001_dense_transport,test_zigzag_18_20x20.txt,zigzag,20x20,211,1,38,11.159999999999997,36,0.9473684210526315,0,0,14,4,0,0.0,0.640332052673904
TFP-LocalTransport-v1,005_action_memory_tabux_cnn,001_ppo_categorical,001_dense_transport,test_zigzag_18_20x20.txt,zigzag,20x20,307,1,110,12.149999999999999,50,0.45454545454545453,0,0,99,9,0,0.44545454545454544,0.9336505363865978
TFP-LocalTransport-v1,005_action_memory_tabux_cnn,001_ppo_categorical,001_dense_transport,test_zigzag_18_20x20.txt,zigzag,20x20,401,1,48,11.479999999999997,42,0.875,0,0,25,6,0,0.08333333333333333,1.1758058958169688
TFP-LocalTransport-v1,005_action_memory_tabux_cnn,001_ppo_categorical,001_dense_transport,test_zigzag_18_20x20.txt,zigzag,20x20,503,1,38,11.159999999999997,36,0.9473684210526315,0,0,15,4,0,0.05263157894736842,0.7822772894733613
TFP-LocalTransport-v1,005_action_memory_tabux_cnn,001_ppo_categorical,001_dense_transport,test_zigzag_18_20x20.txt,zigzag,20x20,601,1,36,11.149999999999997,36,1.0,0,0,16,4,0,0.0,1.417792583197297
TFP-LocalTransport-v1,005_action_memory_tabux_cnn,001_ppo_categorical,001_dense_transport,test_zigzag_18_20x20.txt,zigzag,20x20,701,1,38,11.159999999999997,36,0.9473684210526315,0,0,9,3,0,0.05263157894736842,0.646054815756782
TFP-LocalTransport-v1,005_action_memory_tabux_cnn,001_ppo_categorical,001_dense_transport,test_zigzag_18_20x20.txt,zigzag,20x20,809,1,38,11.159999999999997,36,0.9473684210526315,0,0,17,4,0,0.05263157894736842,0.6458637631112651
TFP-LocalTransport-v1,005_action_memory_tabux_cnn,001_ppo_categorical,001_dense_transport,test_zigzag_18_20x20.txt,zigzag,20x20,907,0,240,3.5099999999999767,46,0.0,0,0,19,34,0,0.8708333333333333,1.0054583375146346
TFP-LocalTransport-v1,005_action_memory_tabux_cnn,001_ppo_categorical,001_dense_transport,test_zigzag_18_20x20.txt,zigzag,20x20,1009,0,240,3.599999999999993,54,0.0,0,0,159,24,0,0.8125,0.8287971541714493
